,total_sqft,bhk,baths,prices_lakh,area_ Built-up Area,area_ Carpet Area,area_ Plot Area,area_ Super built-up Area,price_per_sqft,Burari,Dilshad Colony,Dilshad Garden,Dwarka Mor,Hari Nagar,Laxmi Nagar,Mahavir Enclave,Mehrauli,Mohan Garden,Om Vihar,Paschim Vihar,Pitampura,Sector 16 Rohini,Sector 22 Rohini,Shahadra,Tilak Nagar,Uttam Nagar,Vikas Puri,Vishnu Garden
0,630.0,2.0,2.0,28.0,0,1,0,0,4444.44,1,0,0,0,0,0,0,0,0,0,0,0,0,0,0,0,0,0,0
1,900.0,3.0,2.0,38.0,0,0,0,1,4222.22,1,0,0,0,0,0,0,0,0,0,0,0,0,0,0,0,0,0,0
2,992.0,2.0,2.0,41.0,0,0,0,1,4133.06,1,0,0,0,0,0,0,0,0,0,0,0,0,0,0,0,0,0,0
3,603.0,2.0,2.0,25.0,0,1,0,0,4145.94,1,0,0,0,0,0,0,0,0,0,0,0,0,0,0,0,0,0,0
4,900.0,3.0,2.0,40.0,1,0,0,0,4444.44,1,0,0,0,0,0,0,0,0,0,0,0,0,0,0,0,0,0,0
5,750.0,2.0,2.0,53.0,0,0,0,1,7066.67,0,1,0,0,0,0,0,0,0,0,0,0,0,0,0,0,0,0,0
6,850.0,2.0,2.0,57.0,0,1,0,0,6705.88,0,1,0,0,0,0,0,0,0,0,0,0,0,0,0,0,0,0,0
7,900.0,2.0,2.0,70.0,0,1,0,0,7777.78,0,1,0,0,0,0,0,0,0,0,0,0,0,0,0,0,0,0,0
8,450.0,1.0,1.0,30.0,0,1,0,0,6666.67,0,1,0,0,0,0,0,0,0,0,0,0,0,0,0,0,0,0,0
9,700.0,2.0,1.0,45.0,0,1,0,0,6428.57,0,1,0,0,0,0,0,0,0,0,0,0,0,0,0,0,0,0,0
10,800.0,2.0,2.0,45.0,0,1,0,0,5625.0,0,1,0,0,0,0,0,0,0,0,0,0,0,0,0,0,0,0,0
11,430.0,1.0,1.0,25.0,0,1,0,0,5813.95,0,1,0,0,0,0,0,0,0,0,0,0,0,0,0,0,0,0,0
12,900.0,2.0,2.0,65.0,0,1,0,0,7222.22,0,1,0,0,0,0,0,0,0,0,0,0,0,0,0,0,0,0,0
13,900.0,2.0,2.0,65.0,1,0,0,0,7222.22,0,0,1,0,0,0,0,0,0,0,0,0,0,0,0,0,0,0,0
14,900.0,3.0,2.0,80.0,0,1,0,0,8888.89,0,0,1,0,0,0,0,0,0,0,0,0,0,0,0,0,0,0,0
15,800.0,2.0,2.0,50.0,0,1,0,0,6250.0,0,0,1,0,0,0,0,0,0,0,0,0,0,0,0,0,0,0,0
16,630.0,2.0,1.0,60.0,0,1,0,0,9523.81,0,0,1,0,0,0,0,0,0,0,0,0,0,0,0,0,0,0,0
17,715.0,2.0,2.0,70.0,0,0,0,1,9790.21,0,0,1,0,0,0,0,0,0,0,0,0,0,0,0,0,0,0,0
18,800.0,2.0,1.0,72.0,0,0,0,1,9000.0,0,0,1,0,0,0,0,0,0,0,0,0,0,0,0,0,0,0,0
19,400.0,1.0,1.0,14.5,0,1,0,0,3625.0,0,0,0,1,0,0,0,0,0,0,0,0,0,0,0,0,0,0,0
20,630.0,2.0,2.0,23.0,0,0,0,1,3650.79,0,0,0,1,0,0,0,0,0,0,0,0,0,0,0,0,0,0,0
21,900.0,3.0,2.0,40.0,0,0,0,1,4444.44,0,0,0,1,0,0,0,0,0,0,0,0,0,0,0,0,0,0,0
22,650.0,2.0,2.0,31.0,1,0,0,0,4769.23,0,0,0,1,0,0,0,0,0,0,0,0,0,0,0,0,0,0,0
23,720.0,2.0,1.0,28.0,1,0,0,0,3888.89,0,0,0,1,0,0,0,0,0,0,0,0,0,0,0,0,0,0,0
24,900.0,3.0,2.0,41.0,1,0,0,0,4555.56,0,0,0,1,0,0,0,0,0,0,0,0,0,0,0,0,0,0,0
25,360.0,1.0,1.0,15.0,0,1,0,0,4166.67,0,0,0,1,0,0,0,0,0,0,0,0,0,0,0,0,0,0,0
26,445.0,1.0,1.0,17.0,0,1,0,0,3820.22,0,0,0,1,0,0,0,0,0,0,0,0,0,0,0,0,0,0,0
27,900.0,3.0,2.0,53.0,0,1,0,0,5888.89,0,0,0,1,0,0,0,0,0,0,0,0,0,0,0,0,0,0,0
28,750.0,2.0,2.0,28.0,0,1,0,0,3733.33,0,0,0,1,0,0,0,0,0,0,0,0,0,0,0,0,0,0,0
29,600.0,2.0,2.0,32.0,0,1,0,0,5333.33,0,0,0,1,0,0,0,0,0,0,0,0,0,0,0,0,0,0,0
30,900.0,3.0,2.0,42.5,1,0,0,0,4722.22,0,0,0,1,0,0,0,0,0,0,0,0,0,0,0,0,0,0,0
31,900.0,3.0,2.0,30.0,0,1,0,0,3333.33,0,0,0,1,0,0,0,0,0,0,0,0,0,0,0,0,0,0,0
32,900.0,2.0,2.0,83.0,0,0,0,1,9222.22,0,0,0,0,1,0,0,0,0,0,0,0,0,0,0,0,0,0,0
34,992.0,2.0,2.0,82.0,1,0,0,0,8266.13,0,0,0,0,1,0,0,0,0,0,0,0,0,0,0,0,0,0,0
35,645.0,2.0,1.0,65.0,0,1,0,0,10077.52,0,0,0,0,1,0,0,0,0,0,0,0,0,0,0,0,0,0,0
38,490.0,1.0,2.0,44.75,0,1,0,0,9132.65,0,0,0,0,1,0,0,0,0,0,0,0,0,0,0,0,0,0,0
39,900.0,2.0,2.0,70.0,0,1,0,0,7777.78,0,0,0,0,1,0,0,0,0,0,0,0,0,0,0,0,0,0,0
40,900.0,2.0,2.0,75.0,0,1,0,0,8333.33,0,0,0,0,1,0,0,0,0,0,0,0,0,0,0,0,0,0,0
41,675.0,2.0,2.0,70.0,0,0,0,1,10370.37,0,0,0,0,1,0,0,0,0,0,0,0,0,0,0,0,0,0,0
42,900.0,2.0,2.0,100.0,0,0,0,1,11111.11,0,0,0,0,1,0,0,0,0,0,0,0,0,0,0,0,0,0,0
43,990.0,3.0,3.0,100.0,0,1,0,0,10101.01,0,0,0,0,1,0,0,0,0,0,0,0,0,0,0,0,0,0,0
44,900.0,2.0,1.0,85.0,0,1,0,0,9444.44,0,0,0,0,1,0,0,0,0,0,0,0,0,0,0,0,0,0,0
45,675.0,2.0,2.0,38.0,0,1,0,0,5629.63,0,0,0,0,0,1,0,0,0,0,0,0,0,0,0,0,0,0,0
46,700.0,2.0,2.0,35.0,1,0,0,0,5000.0,0,0,0,0,0,1,0,0,0,0,0,0,0,0,0,0,0,0,0
47,990.0,3.0,2.0,75.0,1,0,0,0,7575.76,0,0,0,0,0,1,0,0,0,0,0,0,0,0,0,0,0,0,0
48,675.0,2.0,3.0,41.0,1,0,0,0,6074.07,0,0,0,0,0,1,0,0,0,0,0,0,0,0,0,0,0,0,0
49,621.0,2.0,2.0,40.0,0,1,0,0,6441.22,0,0,0,0,0,1,0,0,0,0,0,0,0,0,0,0,0,0,0
50,630.0,2.0,2.0,40.0,1,0,0,0,6349.21,0,0,0,0,0,1,0,0,0,0,0,0,0,0,0,0,0,0,0
51,861.0,2.0,2.0,35.0,1,0,0,0,4065.04,0,0,0,0,0,0,1,0,0,0,0,0,0,0,0,0,0,0,0
52,900.0,3.0,2.0,62.0,0,1,0,0,6888.89,0,0,0,0,0,0,1,0,0,0,0,0,0,0,0,0,0,0,0
53,830.0,2.0,2.0,43.0,0,1,0,0,5180.72,0,0,0,0,0,0,1,0,0,0,0,0,0,0,0,0,0,0,0
54,630.0,2.0,2.0,40.0,1,0,0,0,6349.21,0,0,0,0,0,0,1,0,0,0,0,0,0,0,0,0,0,0,0
55,900.0,3.0,2.0,85.0,0,1,0,0,9444.44,0,0,0,0,0,0,1,0,0,0,0,0,0,0,0,0,0,0,0
56,914.0,3.0,2.0,85.0,1,0,0,0,9299.78,0,0,0,0,0,0,1,0,0,0,0,0,0,0,0,0,0,0,0
57,720.0,2.0,2.0,43.7,1,0,0,0,6069.44,0,0,0,0,0,0,1,0,0,0,0,0,0,0,0,0,0,0,0
58,927.0,3.0,3.0,70.0,1,0,0,0,7551.24,0,0,0,0,0,0,1,0,0,0,0,0,0,0,0,0,0,0,0
59,495.0,1.0,1.0,24.0,0,1,0,0,4848.48,0,0,0,0,0,0,1,0,0,0,0,0,0,0,0,0,0,0,0
60,450.0,1.0,1.0,23.0,0,1,0,0,5111.11,0,0,0,0,0,0,1,0,0,0,0,0,0,0,0,0,0,0,0
61,700.0,2.0,2.0,64.0,0,0,0,1,9142.86,0,0,0,0,0,0,1,0,0,0,0,0,0,0,0,0,0,0,0
62,675.0,2.0,2.0,35.0,0,1,0,0,5185.19,0,0,0,0,0,0,1,0,0,0,0,0,0,0,0,0,0,0,0
63,800.0,2.0,2.0,38.0,1,0,0,0,4750.0,0,0,0,0,0,0,1,0,0,0,0,0,0,0,0,0,0,0,0
64,600.0,2.0,2.0,40.0,0,1,0,0,6666.67,0,0,0,0,0,0,1,0,0,0,0,0,0,0,0,0,0,0,0
65,700.0,2.0,2.0,36.0,0,1,0,0,5142.86,0,0,0,0,0,0,1,0,0,0,0,0,0,0,0,0,0,0,0
66,450.0,1.0,1.0,19.0,1,0,0,0,4222.22,0,0,0,0,0,0,1,0,0,0,0,0,0,0,0,0,0,0,0
67,700.0,2.0,2.0,35.0,1,0,0,0,5000.0,0,0,0,0,0,0,1,0,0,0,0,0,0,0,0,0,0,0,0
68,950.0,2.0,2.0,50.0,0,0,0,1,5263.16,0,0,0,0,0,0,1,0,0,0,0,0,0,0,0,0,0,0,0
69,765.0,2.0,2.0,45.0,1,0,0,0,5882.35,0,0,0,0,0,0,1,0,0,0,0,0,0,0,0,0,0,0,0
70,450.0,1.0,1.0,21.5,0,1,0,0,4777.78,0,0,0,0,0,0,1,0,0,0,0,0,0,0,0,0,0,0,0
71,325.0,1.0,1.0,18.5,0,1,0,0,5692.31,0,0,0,0,0,0,0,1,0,0,0,0,0,0,0,0,0,0,0
72,950.0,2.0,2.0,37.0,0,0,0,1,3894.74,0,0,0,0,0,0,0,1,0,0,0,0,0,0,0,0,0,0,0
73,950.0,2.0,2.0,37.0,1,0,0,0,3894.74,0,0,0,0,0,0,0,1,0,0,0,0,0,0,0,0,0,0,0
74,650.0,2.0,2.0,35.0,0,1,0,0,5384.62,0,0,0,0,0,0,0,1,0,0,0,0,0,0,0,0,0,0,0
75,990.0,2.0,2.0,45.0,1,0,0,0,4545.45,0,0,0,0,0,0,0,1,0,0,0,0,0,0,0,0,0,0,0
76,450.0,1.0,2.0,16.5,0,1,0,0,3666.67,0,0,0,0,0,0,0,1,0,0,0,0,0,0,0,0,0,0,0
77,900.0,2.0,2.0,35.0,0,1,0,0,3888.89,0,0,0,0,0,0,0,1,0,0,0,0,0,0,0,0,0,0,0
78,650.0,2.0,1.0,25.0,0,0,0,1,3846.15,0,0,0,0,0,0,0,1,0,0,0,0,0,0,0,0,0,0,0
79,900.0,2.0,2.0,32.0,0,0,0,1,3555.56,0,0,0,0,0,0,0,1,0,0,0,0,0,0,0,0,0,0,0
80,800.0,2.0,2.0,35.0,0,1,0,0,4375.0,0,0,0,0,0,0,0,0,1,0,0,0,0,0,0,0,0,0,0
81,947.0,3.0,2.0,48.0,0,1,0,0,5068.64,0,0,0,0,0,0,0,0,1,0,0,0,0,0,0,0,0,0,0
82,900.0,3.0,2.0,38.5,0,1,0,0,4277.78,0,0,0,0,0,0,0,0,1,0,0,0,0,0,0,0,0,0,0
83,900.0,3.0,2.0,45.0,0,1,0,0,5000.0,0,0,0,0,0,0,0,0,1,0,0,0,0,0,0,0,0,0,0
84,900.0,3.0,2.0,38.0,1,0,0,0,4222.22,0,0,0,0,0,0,0,0,1,0,0,0,0,0,0,0,0,0,0
85,610.0,2.0,1.0,27.0,1,0,0,0,4426.23,0,0,0,0,0,0,0,0,1,0,0,0,0,0,0,0,0,0,0
86,550.0,1.0,1.0,27.5,1,0,0,0,5000.0,0,0,0,0,0,0,0,0,0,1,0,0,0,0,0,0,0,0,0
87,900.0,3.0,2.0,54.0,0,1,0,0,6000.0,0,0,0,0,0,0,0,0,0,1,0,0,0,0,0,0,0,0,0
88,914.0,3.0,2.0,50.0,1,0,0,0,5470.46,0,0,0,0,0,0,0,0,0,1,0,0,0,0,0,0,0,0,0
89,900.0,3.0,2.0,48.0,0,1,0,0,5333.33,0,0,0,0,0,0,0,0,0,1,0,0,0,0,0,0,0,0,0
91,990.0,2.0,2.0,90.0,0,1,0,0,9090.91,0,0,0,0,0,0,0,0,0,0,1,0,0,0,0,0,0,0,0
92,850.0,2.0,1.0,86.0,0,1,0,0,10117.65,0,0,0,0,0,0,0,0,0,0,1,0,0,0,0,0,0,0,0
93,810.0,2.0,2.0,85.0,0,1,0,0,10493.83,0,0,0,0,0,0,0,0,0,0,1,0,0,0,0,0,0,0,0
95,900.0,2.0,2.0,120.0,0,0,0,1,13333.33,0,0,0,0,0,0,0,0,0,0,1,0,0,0,0,0,0,0,0
96,645.0,2.0,2.0,90.0,0,1,0,0,13953.49,0,0,0,0,0,0,0,0,0,0,1,0,0,0,0,0,0,0,0
97,900.0,2.0,1.0,125.0,0,0,0,1,13888.89,0,0,0,0,0,0,0,0,0,0,1,0,0,0,0,0,0,0,0
98,900.0,3.0,2.0,88.0,0,0,0,1,9777.78,0,0,0,0,0,0,0,0,0,0,0,1,0,0,0,0,0,0,0
99,807.0,1.0,2.0,100.0,1,0,0,0,12391.57,0,0,0,0,0,0,0,0,0,0,0,1,0,0,0,0,0,0,0
100,360.0,1.0,1.0,45.0,1,0,0,0,12500.0,0,0,0,0,0,0,0,0,0,0,0,1,0,0,0,0,0,0,0
101,650.0,2.0,1.0,60.0,0,1,0,0,9230.77,0,0,0,0,0,0,0,0,0,0,0,1,0,0,0,0,0,0,0
102,650.0,2.0,2.0,70.0,0,0,0,1,10769.23,0,0,0,0,0,0,0,0,0,0,0,1,0,0,0,0,0,0,0
103,538.0,1.0,1.0,50.0,0,0,1,0,9293.68,0,0,0,0,0,0,0,0,0,0,0,1,0,0,0,0,0,0,0
104,650.0,2.0,1.0,37.0,1,0,0,0,5692.31,0,0,0,0,0,0,0,0,0,0,0,0,1,0,0,0,0,0,0
105,600.0,2.0,2.0,65.0,0,1,0,0,10833.33,0,0,0,0,0,0,0,0,0,0,0,0,1,0,0,0,0,0,0
106,635.0,2.0,2.0,55.51,0,1,0,0,8741.73,0,0,0,0,0,0,0,0,0,0,0,0,1,0,0,0,0,0,0
107,340.0,1.0,1.0,21.0,0,0,0,1,6176.47,0,0,0,0,0,0,0,0,0,0,0,0,1,0,0,0,0,0,0
108,635.0,2.0,2.0,55.0,1,0,0,0,8661.42,0,0,0,0,0,0,0,0,0,0,0,0,0,1,0,0,0,0,0
109,968.0,3.0,2.0,65.0,0,1,0,0,6714.88,0,0,0,0,0,0,0,0,0,0,0,0,0,1,0,0,0,0,0
110,850.0,2.0,1.0,37.5,0,0,1,0,4411.76,0,0,0,0,0,0,0,0,0,0,0,0,0,0,1,0,0,0,0
111,900.0,2.0,2.0,60.0,1,0,0,0,6666.67,0,0,0,0,0,0,0,0,0,0,0,0,0,0,1,0,0,0,0
112,630.0,1.0,1.0,27.0,0,1,0,0,4285.71,0,0,0,0,0,0,0,0,0,0,0,0,0,0,1,0,0,0,0
113,675.0,2.0,2.0,51.0,0,1,0,0,7555.56,0,0,0,0,0,0,0,0,0,0,0,0,0,0,0,1,0,0,0
114,624.0,2.0,2.0,48.0,0,1,0,0,7692.31,0,0,0,0,0,0,0,0,0,0,0,0,0,0,0,1,0,0,0
115,460.0,1.0,1.0,34.0,0,1,0,0,7391.3,0,0,0,0,0,0,0,0,0,0,0,0,0,0,0,1,0,0,0
116,900.0,3.0,4.0,60.0,1,0,0,0,6666.67,0,0,0,0,0,0,0,0,0,0,0,0,0,0,0,1,0,0,0
117,990.0,2.0,2.0,60.0,0,0,0,1,6060.61,0,0,0,0,0,0,0,0,0,0,0,0,0,0,0,1,0,0,0
118,900.0,2.0,2.0,60.0,1,0,0,0,6666.67,0,0,0,0,0,0,0,0,0,0,0,0,0,0,0,1,0,0,0
119,900.0,3.0,2.0,72.0,0,1,0,0,8000.0,0,0,0,0,0,0,0,0,0,0,0,0,0,0,0,1,0,0,0
120,360.0,1.0,1.0,22.0,0,0,0,1,6111.11,0,0,0,0,0,0,0,0,0,0,0,0,0,0,0,1,0,0,0
122,620.0,2.0,2.0,28.0,0,0,0,1,4516.13,0,0,0,0,0,0,0,0,0,0,0,0,0,0,0,0,1,0,0
123,555.0,1.0,1.0,20.0,0,1,0,0,3603.6,0,0,0,0,0,0,0,0,0,0,0,0,0,0,0,0,1,0,0
125,400.0,1.0,1.0,18.0,0,1,0,0,4500.0,0,0,0,0,0,0,0,0,0,0,0,0,0,0,0,0,1,0,0
127,720.0,2.0,2.0,45.0,0,0,0,1,6250.0,0,0,0,0,0,0,0,0,0,0,0,0,0,0,0,0,1,0,0
128,450.0,1.0,1.0,20.0,0,1,0,0,4444.44,0,0,0,0,0,0,0,0,0,0,0,0,0,0,0,0,1,0,0
129,650.0,2.0,2.0,32.0,0,0,0,1,4923.08,0,0,0,0,0,0,0,0,0,0,0,0,0,0,0,0,1,0,0
130,900.0,2.0,2.0,38.0,0,0,0,1,4222.22,0,0,0,0,0,0,0,0,0,0,0,0,0,0,0,0,1,0,0
131,625.0,2.0,2.0,35.0,0,0,0,1,5600.0,0,0,0,0,0,0,0,0,0,0,0,0,0,0,0,0,1,0,0
132,600.0,2.0,2.0,30.0,0,1,0,0,5000.0,0,0,0,0,0,0,0,0,0,0,0,0,0,0,0,0,1,0,0
134,900.0,3.0,2.0,46.0,0,1,0,0,5111.11,0,0,0,0,0,0,0,0,0,0,0,0,0,0,0,0,1,0,0
136,720.0,2.0,2.0,46.0,1,0,0,0,6388.89,0,0,0,0,0,0,0,0,0,0,0,0,0,0,0,0,1,0,0
137,650.0,2.0,2.0,32.0,0,0,0,1,4923.08,0,0,0,0,0,0,0,0,0,0,0,0,0,0,0,0,1,0,0
138,550.0,1.0,1.0,18.5,0,1,0,0,3363.64,0,0,0,0,0,0,0,0,0,0,0,0,0,0,0,0,1,0,0
139,450.0,1.0,1.0,25.0,0,0,0,1,5555.56,0,0,0,0,0,0,0,0,0,0,0,0,0,0,0,0,1,0,0
140,450.0,1.0,1.0,17.0,0,1,0,0,3777.78,0,0,0,0,0,0,0,0,0,0,0,0,0,0,0,0,1,0,0
141,900.0,3.0,2.0,43.0,0,1,0,0,4777.78,0,0,0,0,0,0,0,0,0,0,0,0,0,0,0,0,1,0,0
142,900.0,3.0,2.0,50.0,0,0,0,1,5555.56,0,0,0,0,0,0,0,0,0,0,0,0,0,0,0,0,1,0,0
143,375.0,1.0,1.0,12.0,1,0,0,0,3200.0,0,0,0,0,0,0,0,0,0,0,0,0,0,0,0,0,1,0,0
145,900.0,2.0,1.0,46.0,0,0,0,1,5111.11,0,0,0,0,0,0,0,0,0,0,0,0,0,0,0,0,1,0,0
146,850.0,2.0,1.0,75.0,0,0,0,1,8823.53,0,0,0,0,0,0,0,0,0,0,0,0,0,0,0,0,0,1,0
147,860.0,2.0,2.0,105.0,0,0,0,1,12209.3,0,0,0,0,0,0,0,0,0,0,0,0,0,0,0,0,0,1,0
148,750.0,2.0,2.0,82.0,0,1,0,0,10933.33,0,0,0,0,0,0,0,0,0,0,0,0,0,0,0,0,0,1,0
149,774.0,2.0,2.0,85.0,0,1,0,0,10981.91,0,0,0,0,0,0,0,0,0,0,0,0,0,0,0,0,0,1,0
150,900.0,3.0,2.0,86.0,0,0,1,0,9555.56,0,0,0,0,0,0,0,0,0,0,0,0,0,0,0,0,0,1,0
151,754.0,2.0,2.0,79.0,0,1,0,0,10477.45,0,0,0,0,0,0,0,0,0,0,0,0,0,0,0,0,0,1,0
152,540.0,1.0,1.0,41.0,0,0,0,1,7592.59,0,0,0,0,0,0,0,0,0,0,0,0,0,0,0,0,0,0,1
153,750.0,2.0,2.0,62.0,0,1,0,0,8266.67,0,0,0,0,0,0,0,0,0,0,0,0,0,0,0,0,0,0,1
154,900.0,3.0,2.0,70.0,0,1,0,0,7777.78,0,0,0,0,0,0,0,0,0,0,0,0,0,0,0,0,0,0,1
155,750.0,2.0,2.0,62.0,0,0,0,1,8266.67,0,0,0,0,0,0,0,0,0,0,0,0,0,0,0,0,0,0,1
156,810.0,1.0,2.0,52.0,1,0,0,0,6419.75,0,0,0,0,0,0,0,0,0,0,0,0,0,0,0,0,0,0,1
157,990.0,2.0,2.0,60.0,0,1,0,0,6060.61,0,0,0,0,0,0,0,0,0,0,0,0,0,0,0,0,0,0,1
158,900.0,3.0,2.0,155.0,0,1,0,0,17222.22,0,0,0,0,0,0,0,0,0,0,0,0,0,0,0,0,0,0,0
159,807.0,2.0,2.0,130.0,1,0,0,0,16109.05,0,0,0,0,0,0,0,0,0,0,0,0,0,0,0,0,0,0,0
160,350.0,1.0,1.0,25.0,0,1,0,0,7142.86,0,0,0,0,0,0,0,0,0,0,0,0,0,0,0,0,0,0,0
162,900.0,3.0,3.0,95.0,0,1,0,0,10555.56,0,0,0,0,0,0,0,0,0,0,0,0,0,0,0,0,0,0,0
163,900.0,2.0,2.0,98.0,0,1,0,0,10888.89,0,0,0,0,0,0,0,0,0,0,0,0,0,0,0,0,0,0,0
164,630.0,2.0,1.0,90.0,0,1,0,0,14285.71,0,0,0,0,0,0,0,0,0,0,0,0,0,0,0,0,0,0,0
165,900.0,2.0,2.0,85.0,0,1,0,0,9444.44,0,0,0,0,0,0,0,0,0,0,0,0,0,0,0,0,0,0,0
166,900.0,2.0,2.0,120.0,0,1,0,0,13333.33,0,0,0,0,0,0,0,0,0,0,0,0,0,0,0,0,0,0,0
168,720.0,2.0,2.0,58.0,0,0,0,1,8055.56,0,0,0,0,0,0,0,0,0,0,0,0,0,0,0,0,0,0,0
169,360.0,1.0,2.0,20.5,0,0,0,1,5694.44,0,0,0,0,0,0,0,0,0,0,0,0,0,0,0,0,0,0,0
170,753.0,2.0,2.0,100.0,0,1,0,0,13280.21,0,0,0,0,0,0,0,0,0,0,0,0,0,0,0,0,0,0,0
171,753.0,2.0,2.0,95.0,0,1,0,0,12616.2,0,0,0,0,0,0,0,0,0,0,0,0,0,0,0,0,0,0,0
172,770.0,2.0,2.0,150.0,0,1,0,0,19480.52,0,0,0,0,0,0,0,0,0,0,0,0,0,0,0,0,0,0,0
173,356.0,1.0,1.0,75.0,0,0,1,0,21067.42,0,0,0,0,0,0,0,0,0,0,0,0,0,0,0,0,0,0,0
176,648.0,2.0,2.0,72.0,0,1,0,0,11111.11,0,0,0,0,0,0,0,0,0,0,0,0,0,0,0,0,0,0,0
178,950.0,2.0,2.0,139.0,0,1,0,0,14631.58,0,0,0,0,0,0,0,0,0,0,0,0,0,0,0,0,0,0,0
180,500.0,1.0,1.0,35.0,0,0,0,1,7000.0,0,0,0,0,0,0,0,0,0,0,0,0,0,0,0,0,0,0,0
185,720.0,2.0,1.0,69.0,0,1,0,0,9583.33,0,0,0,0,0,0,0,0,0,0,0,0,0,0,0,0,0,0,0
186,800.0,2.0,2.0,60.0,0,1,0,0,7500.0,0,0,0,0,0,0,0,0,0,0,0,0,0,0,0,0,0,0,0
187,900.0,3.0,3.0,75.0,0,1,0,0,8333.33,0,0,0,0,0,0,0,0,0,0,0,0,0,0,0,0,0,0,0
188,600.0,1.0,1.0,23.0,0,1,0,0,3833.33,0,0,0,0,0,0,0,0,0,0,0,0,0,0,0,0,0,0,0
191,950.0,2.0,2.0,107.0,0,1,0,0,11263.16,0,0,0,0,0,0,0,0,0,0,0,0,0,0,0,0,0,0,0
192,750.0,2.0,2.0,75.0,1,0,0,0,10000.0,0,0,0,0,0,0,0,0,0,0,0,0,0,0,0,0,0,0,0
193,366.0,1.0,1.0,12.0,0,0,0,1,3278.69,0,0,0,0,0,0,0,0,0,0,0,0,0,0,0,0,0,0,0
194,850.0,2.0,2.0,75.0,0,1,0,0,8823.53,0,0,0,0,0,0,0,0,0,0,0,0,0,0,0,0,0,0,0
195,720.0,1.0,1.0,100.0,1,0,0,0,13888.89,0,0,0,0,0,0,0,0,0,0,0,0,0,0,0,0,0,0,0
196,700.0,2.0,2.0,50.0,0,1,0,0,7142.86,0,0,0,0,0,0,0,0,0,0,0,0,0,0,0,0,0,0,0
198,950.0,2.0,2.0,85.0,0,1,0,0,8947.37,0,0,0,0,0,0,0,0,0,0,0,0,0,0,0,0,0,0,0
199,320.0,1.0,1.0,18.0,0,1,0,0,5625.0,0,0,0,0,0,0,0,0,0,0,0,0,0,0,0,0,0,0,0
201,968.0,3.0,3.0,115.0,0,0,0,1,11880.17,0,0,0,0,0,0,0,0,0,0,0,0,0,0,0,0,0,0,0
202,900.0,2.0,2.0,110.0,0,0,0,1,12222.22,0,0,0,0,0,0,0,0,0,0,0,0,0,0,0,0,0,0,0
204,450.0,1.0,1.0,15.0,0,1,0,0,3333.33,0,0,0,0,0,0,0,0,0,0,0,0,0,0,0,0,0,0,0
205,445.0,1.0,1.0,12.0,0,1,0,0,2696.63,0,0,0,0,0,0,0,0,0,0,0,0,0,0,0,0,0,0,0
206,355.0,1.0,1.0,18.0,0,0,0,1,5070.42,0,0,0,0,0,0,0,0,0,0,0,0,0,0,0,0,0,0,0
208,460.0,1.0,1.0,21.0,0,1,0,0,4565.22,0,0,0,0,0,0,0,0,0,0,0,0,0,0,0,0,0,0,0
209,600.0,2.0,2.0,43.0,1,0,0,0,7166.67,0,0,0,0,0,0,0,0,0,0,0,0,0,0,0,0,0,0,0
216,445.0,1.0,2.0,22.5,0,1,0,0,5056.18,0,0,0,0,0,0,0,0,0,0,0,0,0,0,0,0,0,0,0
217,500.0,1.0,1.0,28.0,0,1,0,0,5600.0,0,0,0,0,0,0,0,0,0,0,0,0,0,0,0,0,0,0,0
221,688.0,2.0,2.0,67.0,0,1,0,0,9738.37,0,0,0,0,0,0,0,0,0,0,0,0,0,0,0,0,0,0,0
224,910.0,2.0,2.0,87.25,0,1,0,0,9587.91,0,0,0,0,0,0,0,0,0,0,0,0,0,0,0,0,0,0,0
226,360.0,1.0,1.0,17.0,0,0,0,1,4722.22,0,0,0,0,0,0,0,0,0,0,0,0,0,0,0,0,0,0,0
227,975.0,2.0,2.0,110.0,1,0,0,0,11282.05,0,0,0,0,0,0,0,0,0,0,0,0,0,0,0,0,0,0,0
232,968.0,1.0,1.0,275.0,0,0,1,0,28409.09,0,0,0,0,0,0,0,0,0,0,0,0,0,0,0,0,0,0,0
234,900.0,2.0,1.0,135.0,1,0,0,0,15000.0,0,0,0,0,0,0,0,0,0,0,0,0,0,0,0,0,0,0,0
235,450.0,1.0,1.0,51.0,0,0,0,1,11333.33,0,0,0,0,0,0,0,0,0,0,0,0,0,0,0,0,0,0,0
237,668.0,2.0,2.0,82.0,0,1,0,0,12275.45,0,0,0,0,0,0,0,0,0,0,0,0,0,0,0,0,0,0,0
238,960.0,2.0,1.0,95.0,0,1,0,0,9895.83,0,0,0,0,0,0,0,0,0,0,0,0,0,0,0,0,0,0,0
239,858.0,2.0,2.0,140.0,0,1,0,0,16317.02,0,0,0,0,0,0,0,0,0,0,0,0,0,0,0,0,0,0,0
240,945.0,2.0,2.0,85.0,0,1,0,0,8994.71,0,0,0,0,0,0,0,0,0,0,0,0,0,0,0,0,0,0,0
242,720.0,2.0,2.0,115.0,0,1,0,0,15972.22,0,0,0,0,0,0,0,0,0,0,0,0,0,0,0,0,0,0,0
246,980.0,2.0,2.0,95.0,0,1,0,0,9693.88,0,0,0,0,0,0,0,0,0,0,0,0,0,0,0,0,0,0,0
248,900.0,2.0,2.0,125.0,0,1,0,0,13888.89,0,0,0,0,0,0,0,0,0,0,0,0,0,0,0,0,0,0,0
249,360.0,1.0,1.0,25.0,0,0,0,1,6944.44,0,0,0,0,0,0,0,0,0,0,0,0,0,0,0,0,0,0,0
250,356.0,1.0,1.0,28.0,0,1,0,0,7865.17,0,0,0,0,0,0,0,0,0,0,0,0,0,0,0,0,0,0,0
253,840.0,2.0,2.0,71.0,1,0,0,0,8452.38,0,0,0,0,0,0,0,0,0,0,0,0,0,0,0,0,0,0,0
254,900.0,2.0,2.0,95.0,0,1,0,0,10555.56,0,0,0,0,0,0,0,0,0,0,0,0,0,0,0,0,0,0,0
255,396.0,1.0,1.0,15.0,1,0,0,0,3787.88,0,0,0,0,0,0,0,0,0,0,0,0,0,0,0,0,0,0,0
256,900.0,3.0,2.0,80.0,0,1,0,0,8888.89,0,0,0,0,0,0,0,0,0,0,0,0,0,0,0,0,0,0,0
257,650.0,2.0,1.0,57.0,0,0,0,1,8769.23,0,0,0,0,0,0,0,0,0,0,0,0,0,0,0,0,0,0,0
259,450.0,1.0,1.0,18.0,0,1,0,0,4000.0,0,0,0,0,0,0,0,0,0,0,0,0,0,0,0,0,0,0,0
261,970.0,2.0,2.0,105.0,0,1,0,0,10824.74,0,0,0,0,0,0,0,0,0,0,0,0,0,0,0,0,0,0,0
267,850.0,2.0,1.0,110.0,0,1,0,0,12941.18,0,0,0,0,0,0,0,0,0,0,0,0,0,0,0,0,0,0,0
268,800.0,2.0,2.0,125.0,0,1,0,0,15625.0,0,0,0,0,0,0,0,0,0,0,0,0,0,0,0,0,0,0,0
271,650.0,1.0,2.0,69.0,0,0,0,1,10615.38,0,0,0,0,0,0,0,0,0,0,0,0,0,0,0,0,0,0,0
272,366.0,1.0,1.0,20.0,0,0,0,1,5464.48,0,0,0,0,0,0,0,0,0,0,0,0,0,0,0,0,0,0,0
273,800.0,1.0,2.0,95.0,0,1,0,0,11875.0,0,0,0,0,0,0,0,0,0,0,0,0,0,0,0,0,0,0,0
274,500.0,1.0,1.0,100.0,0,0,0,1,20000.0,0,0,0,0,0,0,0,0,0,0,0,0,0,0,0,0,0,0,0
276,900.0,2.0,1.0,99.0,1,0,0,0,11000.0,0,0,0,0,0,0,0,0,0,0,0,0,0,0,0,0,0,0,0
277,500.0,1.0,1.0,53.0,1,0,0,0,10600.0,0,0,0,0,0,0,0,0,0,0,0,0,0,0,0,0,0,0,0
278,473.0,1.0,1.0,21.5,0,0,0,1,4545.45,0,0,0,0,0,0,0,0,0,0,0,0,0,0,0,0,0,0,0
279,980.0,2.0,2.0,120.0,0,1,0,0,12244.9,0,0,0,0,0,0,0,0,0,0,0,0,0,0,0,0,0,0,0
280,648.0,2.0,2.0,70.0,0,1,0,0,10802.47,0,0,0,0,0,0,0,0,0,0,0,0,0,0,0,0,0,0,0
281,650.0,2.0,2.0,80.0,0,1,0,0,12307.69,0,0,0,0,0,0,0,0,0,0,0,0,0,0,0,0,0,0,0
283,850.0,2.0,2.0,110.0,0,1,0,0,12941.18,0,0,0,0,0,0,0,0,0,0,0,0,0,0,0,0,0,0,0
284,669.0,2.0,2.0,78.0,0,1,0,0,11659.19,0,0,0,0,0,0,0,0,0,0,0,0,0,0,0,0,0,0,0
285,490.0,1.0,1.0,23.0,0,1,0,0,4693.88,0,0,0,0,0,0,0,0,0,0,0,0,0,0,0,0,0,0,0
288,650.0,1.0,1.0,75.0,0,0,0,1,11538.46,0,0,0,0,0,0,0,0,0,0,0,0,0,0,0,0,0,0,0
289,780.0,2.0,2.0,78.0,0,1,0,0,10000.0,0,0,0,0,0,0,0,0,0,0,0,0,0,0,0,0,0,0,0
291,450.0,1.0,1.0,85.0,0,1,0,0,18888.89,0,0,0,0,0,0,0,0,0,0,0,0,0,0,0,0,0,0,0
296,955.0,2.0,2.0,90.0,0,1,0,0,9424.08,0,0,0,0,0,0,0,0,0,0,0,0,0,0,0,0,0,0,0
297,344.0,1.0,2.0,45.0,0,0,0,1,13081.4,0,0,0,0,0,0,0,0,0,0,0,0,0,0,0,0,0,0,0
298,450.0,1.0,2.0,45.0,0,0,1,0,10000.0,0,0,0,0,0,0,0,0,0,0,0,0,0,0,0,0,0,0,0
299,650.0,2.0,2.0,55.0,0,1,0,0,8461.54,0,0,0,0,0,0,0,0,0,0,0,0,0,0,0,0,0,0,0
301,900.0,3.0,2.0,110.0,1,0,0,0,12222.22,0,0,0,0,0,0,0,0,0,0,0,0,0,0,0,0,0,0,0
302,675.0,2.0,2.0,50.0,0,0,0,1,7407.41,0,0,0,0,0,0,0,0,0,0,0,0,0,0,0,0,0,0,0
303,750.0,2.0,2.0,53.0,0,1,0,0,7066.67,0,0,0,0,0,0,0,0,0,0,0,0,0,0,0,0,0,0,0
305,450.0,1.0,1.0,35.0,1,0,0,0,7777.78,0,0,0,0,0,0,0,0,0,0,0,0,0,0,0,0,0,0,0
306,540.0,1.0,1.0,11.5,0,0,0,1,2129.63,0,0,0,0,0,0,0,0,0,0,0,0,0,0,0,0,0,0,0
308,450.0,1.0,1.0,40.0,0,0,0,1,8888.89,0,0,0,0,0,0,0,0,0,0,0,0,0,0,0,0,0,0,0
310,656.0,2.0,2.0,100.0,0,1,0,0,15243.9,0,0,0,0,0,0,0,0,0,0,0,0,0,0,0,0,0,0,0
311,517.0,1.0,1.0,32.0,0,1,0,0,6189.56,0,0,0,0,0,0,0,0,0,0,0,0,0,0,0,0,0,0,0
314,300.0,1.0,1.0,15.0,1,0,0,0,5000.0,0,0,0,0,0,0,0,0,0,0,0,0,0,0,0,0,0,0,0
315,900.0,3.0,2.0,75.0,0,1,0,0,8333.33,0,0,0,0,0,0,0,0,0,0,0,0,0,0,0,0,0,0,0
319,910.0,3.0,2.0,75.0,1,0,0,0,8241.76,0,0,0,0,0,0,0,0,0,0,0,0,0,0,0,0,0,0,0
320,495.0,1.0,1.0,16.25,0,0,0,1,3282.83,0,0,0,0,0,0,0,0,0,0,0,0,0,0,0,0,0,0,0
321,420.0,1.0,1.0,20.5,0,0,0,1,4880.95,0,0,0,0,0,0,0,0,0,0,0,0,0,0,0,0,0,0,0
323,900.0,2.0,2.0,145.0,0,1,0,0,16111.11,0,0,0,0,0,0,0,0,0,0,0,0,0,0,0,0,0,0,0
324,950.0,3.0,2.0,80.0,0,1,0,0,8421.05,0,0,0,0,0,0,0,0,0,0,0,0,0,0,0,0,0,0,0
325,873.0,2.0,2.0,160.0,0,1,0,0,18327.61,0,0,0,0,0,0,0,0,0,0,0,0,0,0,0,0,0,0,0
326,900.0,3.0,2.0,75.0,0,0,0,1,8333.33,0,0,0,0,0,0,0,0,0,0,0,0,0,0,0,0,0,0,0
327,350.0,1.0,1.0,22.0,0,1,0,0,6285.71,0,0,0,0,0,0,0,0,0,0,0,0,0,0,0,0,0,0,0
329,650.0,1.0,1.0,85.0,0,1,0,0,13076.92,0,0,0,0,0,0,0,0,0,0,0,0,0,0,0,0,0,0,0
330,700.0,2.0,2.0,63.0,0,1,0,0,9000.0,0,0,0,0,0,0,0,0,0,0,0,0,0,0,0,0,0,0,0
331,756.0,2.0,2.0,133.0,0,1,0,0,17592.59,0,0,0,0,0,0,0,0,0,0,0,0,0,0,0,0,0,0,0
333,685.0,2.0,1.0,55.0,0,1,0,0,8029.2,0,0,0,0,0,0,0,0,0,0,0,0,0,0,0,0,0,0,0
334,920.0,3.0,3.0,140.0,0,1,0,0,15217.39,0,0,0,0,0,0,0,0,0,0,0,0,0,0,0,0,0,0,0
335,750.0,2.0,1.0,105.0,0,1,0,0,14000.0,0,0,0,0,0,0,0,0,0,0,0,0,0,0,0,0,0,0,0
336,750.0,2.0,1.0,110.0,0,1,0,0,14666.67,0,0,0,0,0,0,0,0,0,0,0,0,0,0,0,0,0,0,0
337,715.0,1.0,1.0,36.0,1,0,0,0,5034.97,0,0,0,0,0,0,0,0,0,0,0,0,0,0,0,0,0,0,0
340,950.0,2.0,2.0,170.0,1,0,0,0,17894.74,0,0,0,0,0,0,0,0,0,0,0,0,0,0,0,0,0,0,0
341,450.0,1.0,1.0,35.0,0,0,0,1,7777.78,0,0,0,0,0,0,0,0,0,0,0,0,0,0,0,0,0,0,0
342,400.0,1.0,1.0,64.0,1,0,0,0,16000.0,0,0,0,0,0,0,0,0,0,0,0,0,0,0,0,0,0,0,0
343,450.0,1.0,1.0,22.0,0,0,0,1,4888.89,0,0,0,0,0,0,0,0,0,0,0,0,0,0,0,0,0,0,0
344,900.0,3.0,2.0,80.0,0,1,0,0,8888.89,0,0,0,0,0,0,0,0,0,0,0,0,0,0,0,0,0,0,0
351,540.0,1.0,1.0,27.0,0,0,0,1,5000.0,0,0,0,0,0,0,0,0,0,0,0,0,0,0,0,0,0,0,0
355,900.0,2.0,2.0,70.0,0,0,0,1,7777.78,0,0,0,0,0,0,0,0,0,0,0,0,0,0,0,0,0,0,0
356,500.0,1.0,1.0,35.0,1,0,0,0,7000.0,0,0,0,0,0,0,0,0,0,0,0,0,0,0,0,0,0,0,0
357,950.0,2.0,2.0,100.0,0,1,0,0,10526.32,0,0,0,0,0,0,0,0,0,0,0,0,0,0,0,0,0,0,0
359,720.0,2.0,2.0,55.0,1,0,0,0,7638.89,0,0,0,0,0,0,0,0,0,0,0,0,0,0,0,0,0,0,0
360,355.0,1.0,1.0,20.0,0,1,0,0,5633.8,0,0,0,0,0,0,0,0,0,0,0,0,0,0,0,0,0,0,0
361,650.0,2.0,2.0,50.0,0,0,0,1,7692.31,0,0,0,0,0,0,0,0,0,0,0,0,0,0,0,0,0,0,0
362,800.0,1.0,1.0,48.0,0,0,0,1,6000.0,0,0,0,0,0,0,0,0,0,0,0,0,0,0,0,0,0,0,0
363,300.0,1.0,1.0,14.0,0,1,0,0,4666.67,0,0,0,0,0,0,0,0,0,0,0,0,0,0,0,0,0,0,0
364,630.0,2.0,1.0,75.0,0,0,0,1,11904.76,0,0,0,0,0,0,0,0,0,0,0,0,0,0,0,0,0,0,0
365,648.0,2.0,2.0,65.0,0,1,0,0,10030.86,0,0,0,0,0,0,0,0,0,0,0,0,0,0,0,0,0,0,0
368,900.0,3.0,2.0,125.0,0,0,1,0,13888.89,0,0,0,0,0,0,0,0,0,0,0,0,0,0,0,0,0,0,0
369,750.0,2.0,2.0,90.0,1,0,0,0,12000.0,0,0,0,0,0,0,0,0,0,0,0,0,0,0,0,0,0,0,0
370,550.0,1.0,1.0,68.0,1,0,0,0,12363.64,0,0,0,0,0,0,0,0,0,0,0,0,0,0,0,0,0,0,0
375,312.0,1.0,1.0,36.0,1,0,0,0,11538.46,0,0,0,0,0,0,0,0,0,0,0,0,0,0,0,0,0,0,0
378,900.0,2.0,2.0,95.0,0,0,0,1,10555.56,0,0,0,0,0,0,0,0,0,0,0,0,0,0,0,0,0,0,0
380,602.0,2.0,2.0,100.0,0,1,0,0,16611.3,0,0,0,0,0,0,0,0,0,0,0,0,0,0,0,0,0,0,0
381,668.0,2.0,1.0,55.0,0,1,0,0,8233.53,0,0,0,0,0,0,0,0,0,0,0,0,0,0,0,0,0,0,0
382,450.0,1.0,1.0,22.0,0,0,0,1,4888.89,0,0,0,0,0,0,0,0,0,0,0,0,0,0,0,0,0,0,0
383,300.0,1.0,1.0,100.0,0,1,0,0,33333.33,0,0,0,0,0,0,0,0,0,0,0,0,0,0,0,0,0,0,0
384,525.0,1.0,1.0,105.0,1,0,0,0,20000.0,0,0,0,0,0,0,0,0,0,0,0,0,0,0,0,0,0,0,0
385,493.0,1.0,1.0,8.0,0,0,0,1,1622.72,0,0,0,0,0,0,0,0,0,0,0,0,0,0,0,0,0,0,0
386,890.0,2.0,2.0,140.0,0,0,0,1,15730.34,0,0,0,0,0,0,0,0,0,0,0,0,0,0,0,0,0,0,0
387,450.0,1.0,2.0,13.0,0,1,0,0,2888.89,0,0,0,0,0,0,0,0,0,0,0,0,0,0,0,0,0,0,0
388,484.0,1.0,2.0,60.0,0,1,0,0,12396.69,0,0,0,0,0,0,0,0,0,0,0,0,0,0,0,0,0,0,0
390,800.0,2.0,2.0,85.0,0,0,0,1,10625.0,0,0,0,0,0,0,0,0,0,0,0,0,0,0,0,0,0,0,0
391,495.0,1.0,1.0,16.5,0,1,0,0,3333.33,0,0,0,0,0,0,0,0,0,0,0,0,0,0,0,0,0,0,0
392,720.0,2.0,2.0,70.0,0,1,0,0,9722.22,0,0,0,0,0,0,0,0,0,0,0,0,0,0,0,0,0,0,0
396,650.0,2.0,2.0,62.0,1,0,0,0,9538.46,0,0,0,0,0,0,0,0,0,0,0,0,0,0,0,0,0,0,0
398,900.0,2.0,2.0,125.0,0,1,0,0,13888.89,0,0,0,0,0,0,0,0,0,0,0,0,0,0,0,0,0,0,0
399,650.0,2.0,2.0,97.0,0,0,1,0,14923.08,0,0,0,0,0,0,0,0,0,0,0,0,0,0,0,0,0,0,0
401,810.0,2.0,2.0,70.0,0,1,0,0,8641.98,0,0,0,0,0,0,0,0,0,0,0,0,0,0,0,0,0,0,0
402,450.0,1.0,1.0,20.0,0,1,0,0,4444.44,0,0,0,0,0,0,0,0,0,0,0,0,0,0,0,0,0,0,0
404,550.0,1.0,2.0,65.0,1,0,0,0,11818.18,0,0,0,0,0,0,0,0,0,0,0,0,0,0,0,0,0,0,0
406,410.0,1.0,1.0,16.0,1,0,0,0,3902.44,0,0,0,0,0,0,0,0,0,0,0,0,0,0,0,0,0,0,0
407,410.0,1.0,1.0,15.0,0,0,0,1,3658.54,0,0,0,0,0,0,0,0,0,0,0,0,0,0,0,0,0,0,0
408,840.0,2.0,1.0,85.0,0,1,0,0,10119.05,0,0,0,0,0,0,0,0,0,0,0,0,0,0,0,0,0,0,0
409,450.0,1.0,1.0,65.0,0,1,0,0,14444.44,0,0,0,0,0,0,0,0,0,0,0,0,0,0,0,0,0,0,0
410,500.0,1.0,1.0,20.0,0,1,0,0,4000.0,0,0,0,0,0,0,0,0,0,0,0,0,0,0,0,0,0,0,0
412,450.0,1.0,1.0,23.0,1,0,0,0,5111.11,0,0,0,0,0,0,0,0,0,0,0,0,0,0,0,0,0,0,0
415,900.0,3.0,1.0,150.0,0,0,1,0,16666.67,0,0,0,0,0,0,0,0,0,0,0,0,0,0,0,0,0,0,0
416,400.0,1.0,1.0,40.0,0,0,0,1,10000.0,0,0,0,0,0,0,0,0,0,0,0,0,0,0,0,0,0,0,0
422,630.0,2.0,2.0,56.0,0,1,0,0,8888.89,0,0,0,0,0,0,0,0,0,0,0,0,0,0,0,0,0,0,0
424,754.0,2.0,2.0,82.0,0,1,0,0,10875.33,0,0,0,0,0,0,0,0,0,0,0,0,0,0,0,0,0,0,0
425,600.0,2.0,3.0,115.0,1,0,0,0,19166.67,0,0,0,0,0,0,0,0,0,0,0,0,0,0,0,0,0,0,0
427,903.0,3.0,3.0,96.0,1,0,0,0,10631.23,0,0,0,0,0,0,0,0,0,0,0,0,0,0,0,0,0,0,0
428,585.0,1.0,1.0,35.0,0,1,0,0,5982.91,0,0,0,0,0,0,0,0,0,0,0,0,0,0,0,0,0,0,0
429,450.0,1.0,1.0,32.0,0,1,0,0,7111.11,0,0,0,0,0,0,0,0,0,0,0,0,0,0,0,0,0,0,0
430,730.0,2.0,2.0,60.0,0,1,0,0,8219.18,0,0,0,0,0,0,0,0,0,0,0,0,0,0,0,0,0,0,0
431,360.0,1.0,2.0,18.5,0,1,0,0,5138.89,0,0,0,0,0,0,0,0,0,0,0,0,0,0,0,0,0,0,0
432,753.0,2.0,2.0,82.0,0,1,0,0,10889.77,0,0,0,0,0,0,0,0,0,0,0,0,0,0,0,0,0,0,0
436,460.0,1.0,1.0,17.0,0,0,0,1,3695.65,0,0,0,0,0,0,0,0,0,0,0,0,0,0,0,0,0,0,0
437,720.0,2.0,2.0,92.0,0,1,0,0,12777.78,0,0,0,0,0,0,0,0,0,0,0,0,0,0,0,0,0,0,0
438,980.0,2.0,2.0,130.0,0,1,0,0,13265.31,0,0,0,0,0,0,0,0,0,0,0,0,0,0,0,0,0,0,0
439,640.0,2.0,2.0,45.0,0,1,0,0,7031.25,0,0,0,0,0,0,0,0,0,0,0,0,0,0,0,0,0,0,0
440,900.0,2.0,2.0,200.0,1,0,0,0,22222.22,0,0,0,0,0,0,0,0,0,0,0,0,0,0,0,0,0,0,0
441,312.0,1.0,1.0,36.0,1,0,0,0,11538.46,0,0,0,0,0,0,0,0,0,0,0,0,0,0,0,0,0,0,0
443,750.0,2.0,1.0,65.0,0,1,0,0,8666.67,0,0,0,0,0,0,0,0,0,0,0,0,0,0,0,0,0,0,0
444,861.0,2.0,2.0,175.0,0,1,0,0,20325.2,0,0,0,0,0,0,0,0,0,0,0,0,0,0,0,0,0,0,0
446,900.0,3.0,2.0,76.0,0,1,0,0,8444.44,0,0,0,0,0,0,0,0,0,0,0,0,0,0,0,0,0,0,0
447,904.0,3.0,3.0,140.0,0,0,0,1,15486.73,0,0,0,0,0,0,0,0,0,0,0,0,0,0,0,0,0,0,0
448,600.0,2.0,1.0,72.0,0,1,0,0,12000.0,0,0,0,0,0,0,0,0,0,0,0,0,0,0,0,0,0,0,0
450,337.0,1.0,1.0,27.5,1,0,0,0,8160.24,0,0,0,0,0,0,0,0,0,0,0,0,0,0,0,0,0,0,0
451,900.0,2.0,2.0,125.0,0,0,0,1,13888.89,0,0,0,0,0,0,0,0,0,0,0,0,0,0,0,0,0,0,0
452,700.0,2.0,2.0,55.0,0,1,0,0,7857.14,0,0,0,0,0,0,0,0,0,0,0,0,0,0,0,0,0,0,0
453,400.0,1.0,2.0,14.5,0,1,0,0,3625.0,0,0,0,0,0,0,0,0,0,0,0,0,0,0,0,0,0,0,0
454,450.0,1.0,1.0,18.0,0,0,0,1,4000.0,0,0,0,0,0,0,0,0,0,0,0,0,0,0,0,0,0,0,0
455,625.0,2.0,1.0,51.0,0,0,0,1,8160.0,0,0,0,0,0,0,0,0,0,0,0,0,0,0,0,0,0,0,0
456,500.0,1.0,1.0,25.0,0,0,0,1,5000.0,0,0,0,0,0,0,0,0,0,0,0,0,0,0,0,0,0,0,0
457,900.0,3.0,2.0,220.0,0,0,1,0,24444.44,0,0,0,0,0,0,0,0,0,0,0,0,0,0,0,0,0,0,0
459,650.0,2.0,2.0,62.0,0,0,0,1,9538.46,0,0,0,0,0,0,0,0,0,0,0,0,0,0,0,0,0,0,0
461,450.0,1.0,1.0,22.0,0,0,0,1,4888.89,0,0,0,0,0,0,0,0,0,0,0,0,0,0,0,0,0,0,0
463,470.0,1.0,1.0,15.0,0,0,0,1,3191.49,0,0,0,0,0,0,0,0,0,0,0,0,0,0,0,0,0,0,0
464,450.0,1.0,1.0,35.0,0,0,0,1,7777.78,0,0,0,0,0,0,0,0,0,0,0,0,0,0,0,0,0,0,0
467,650.0,1.0,1.0,40.0,0,0,0,1,6153.85,0,0,0,0,0,0,0,0,0,0,0,0,0,0,0,0,0,0,0
468,452.0,1.0,1.0,35.0,1,0,0,0,7743.36,0,0,0,0,0,0,0,0,0,0,0,0,0,0,0,0,0,0,0
470,838.0,2.0,2.0,110.0,0,1,0,0,13126.49,0,0,0,0,0,0,0,0,0,0,0,0,0,0,0,0,0,0,0
472,485.0,1.0,1.0,14.0,0,1,0,0,2886.6,0,0,0,0,0,0,0,0,0,0,0,0,0,0,0,0,0,0,0
474,800.0,1.0,1.0,45.0,1,0,0,0,5625.0,0,0,0,0,0,0,0,0,0,0,0,0,0,0,0,0,0,0,0
475,400.0,1.0,1.0,17.0,0,1,0,0,4250.0,0,0,0,0,0,0,0,0,0,0,0,0,0,0,0,0,0,0,0
477,450.0,1.0,1.0,32.0,0,0,0,1,7111.11,0,0,0,0,0,0,0,0,0,0,0,0,0,0,0,0,0,0,0
479,900.0,2.0,2.0,85.0,0,1,0,0,9444.44,0,0,0,0,0,0,0,0,0,0,0,0,0,0,0,0,0,0,0
480,452.0,1.0,1.0,40.0,0,0,0,1,8849.56,0,0,0,0,0,0,0,0,0,0,0,0,0,0,0,0,0,0,0
481,753.0,2.0,2.0,95.0,0,1,0,0,12616.2,0,0,0,0,0,0,0,0,0,0,0,0,0,0,0,0,0,0,0
483,650.0,2.0,2.0,70.0,0,0,0,1,10769.23,0,0,0,0,0,0,0,0,0,0,0,0,0,0,0,0,0,0,0
484,500.0,1.0,1.0,23.0,1,0,0,0,4600.0,0,0,0,0,0,0,0,0,0,0,0,0,0,0,0,0,0,0,0
485,720.0,2.0,1.0,79.0,1,0,0,0,10972.22,0,0,0,0,0,0,0,0,0,0,0,0,0,0,0,0,0,0,0
486,950.0,1.0,1.0,40.0,0,1,0,0,4210.53,0,0,0,0,0,0,0,0,0,0,0,0,0,0,0,0,0,0,0
488,505.0,1.0,1.0,23.0,0,1,0,0,4554.46,0,0,0,0,0,0,0,0,0,0,0,0,0,0,0,0,0,0,0
489,495.0,1.0,1.0,40.0,1,0,0,0,8080.81,0,0,0,0,0,0,0,0,0,0,0,0,0,0,0,0,0,0,0
490,500.0,1.0,1.0,25.0,0,1,0,0,5000.0,0,0,0,0,0,0,0,0,0,0,0,0,0,0,0,0,0,0,0
492,450.0,1.0,1.0,21.0,0,1,0,0,4666.67,0,0,0,0,0,0,0,0,0,0,0,0,0,0,0,0,0,0,0
493,900.0,2.0,2.0,70.0,0,0,0,1,7777.78,0,0,0,0,0,0,0,0,0,0,0,0,0,0,0,0,0,0,0
494,450.0,1.0,1.0,34.99,1,0,0,0,7775.56,0,0,0,0,0,0,0,0,0,0,0,0,0,0,0,0,0,0,0
495,630.0,1.0,1.0,58.0,0,1,0,0,9206.35,0,0,0,0,0,0,0,0,0,0,0,0,0,0,0,0,0,0,0
496,450.0,1.0,1.0,45.0,0,0,0,1,10000.0,0,0,0,0,0,0,0,0,0,0,0,0,0,0,0,0,0,0,0
497,968.0,3.0,3.0,82.0,1,0,0,0,8471.07,0,0,0,0,0,0,0,0,0,0,0,0,0,0,0,0,0,0,0
500,648.0,2.0,2.0,49.0,0,1,0,0,7561.73,0,0,0,0,0,0,0,0,0,0,0,0,0,0,0,0,0,0,0
501,350.0,1.0,1.0,13.0,0,1,0,0,3714.29,0,0,0,0,0,0,0,0,0,0,0,0,0,0,0,0,0,0,0
502,722.0,2.0,2.0,62.0,0,1,0,0,8587.26,0,0,0,0,0,0,0,0,0,0,0,0,0,0,0,0,0,0,0
504,650.0,2.0,2.0,50.0,0,1,0,0,7692.31,0,0,0,0,0,0,0,0,0,0,0,0,0,0,0,0,0,0,0
505,900.0,2.0,1.0,90.0,0,1,0,0,10000.0,0,0,0,0,0,0,0,0,0,0,0,0,0,0,0,0,0,0,0
506,900.0,2.0,2.0,70.0,1,0,0,0,7777.78,0,0,0,0,0,0,0,0,0,0,0,0,0,0,0,0,0,0,0
509,950.0,2.0,2.0,145.0,0,1,0,0,15263.16,0,0,0,0,0,0,0,0,0,0,0,0,0,0,0,0,0,0,0
510,700.0,1.0,1.0,55.0,0,0,0,1,7857.14,0,0,0,0,0,0,0,0,0,0,0,0,0,0,0,0,0,0,0
511,500.0,1.0,1.0,45.0,0,1,0,0,9000.0,0,0,0,0,0,0,0,0,0,0,0,0,0,0,0,0,0,0,0
514,900.0,2.0,2.0,68.0,0,1,0,0,7555.56,0,0,0,0,0,0,0,0,0,0,0,0,0,0,0,0,0,0,0
516,700.0,2.0,2.0,120.0,0,1,0,0,17142.86,0,0,0,0,0,0,0,0,0,0,0,0,0,0,0,0,0,0,0
518,450.0,1.0,1.0,24.0,0,0,0,1,5333.33,0,0,0,0,0,0,0,0,0,0,0,0,0,0,0,0,0,0,0
520,904.0,3.0,2.0,125.0,0,0,0,1,13827.43,0,0,0,0,0,0,0,0,0,0,0,0,0,0,0,0,0,0,0
523,648.0,2.0,2.0,62.0,1,0,0,0,9567.9,0,0,0,0,0,0,0,0,0,0,0,0,0,0,0,0,0,0,0
524,500.0,1.0,1.0,12.99,0,1,0,0,2598.0,0,0,0,0,0,0,0,0,0,0,0,0,0,0,0,0,0,0,0
525,400.0,1.0,1.0,10.5,0,1,0,0,2625.0,0,0,0,0,0,0,0,0,0,0,0,0,0,0,0,0,0,0,0
526,720.0,2.0,2.0,85.0,0,1,0,0,11805.56,0,0,0,0,0,0,0,0,0,0,0,0,0,0,0,0,0,0,0
527,450.0,1.0,1.0,14.0,0,1,0,0,3111.11,0,0,0,0,0,0,0,0,0,0,0,0,0,0,0,0,0,0,0
531,800.0,2.0,2.0,68.0,1,0,0,0,8500.0,0,0,0,0,0,0,0,0,0,0,0,0,0,0,0,0,0,0,0
532,500.0,1.0,1.0,80.0,0,1,0,0,16000.0,0,0,0,0,0,0,0,0,0,0,0,0,0,0,0,0,0,0,0
534,398.0,1.0,1.0,24.0,0,1,0,0,6030.15,0,0,0,0,0,0,0,0,0,0,0,0,0,0,0,0,0,0,0
535,780.0,2.0,2.0,55.0,0,1,0,0,7051.28,0,0,0,0,0,0,0,0,0,0,0,0,0,0,0,0,0,0,0
537,900.0,2.0,2.0,110.0,1,0,0,0,12222.22,0,0,0,0,0,0,0,0,0,0,0,0,0,0,0,0,0,0,0
540,900.0,2.0,2.0,105.0,0,1,0,0,11666.67,0,0,0,0,0,0,0,0,0,0,0,0,0,0,0,0,0,0,0
543,850.0,2.0,2.0,95.0,1,0,0,0,11176.47,0,0,0,0,0,0,0,0,0,0,0,0,0,0,0,0,0,0,0
548,900.0,2.0,2.0,80.0,1,0,0,0,8888.89,0,0,0,0,0,0,0,0,0,0,0,0,0,0,0,0,0,0,0
550,630.0,2.0,2.0,45.0,1,0,0,0,7142.86,0,0,0,0,0,0,0,0,0,0,0,0,0,0,0,0,0,0,0
551,450.0,1.0,1.0,22.0,1,0,0,0,4888.89,0,0,0,0,0,0,0,0,0,0,0,0,0,0,0,0,0,0,0
552,910.0,1.0,1.0,135.0,0,0,1,0,14835.16,0,0,0,0,0,0,0,0,0,0,0,0,0,0,0,0,0,0,0
553,350.0,1.0,1.0,30.0,1,0,0,0,8571.43,0,0,0,0,0,0,0,0,0,0,0,0,0,0,0,0,0,0,0
554,900.0,2.0,2.0,140.0,0,1,0,0,15555.56,0,0,0,0,0,0,0,0,0,0,0,0,0,0,0,0,0,0,0
555,312.0,1.0,1.0,25.0,0,0,0,1,8012.82,0,0,0,0,0,0,0,0,0,0,0,0,0,0,0,0,0,0,0
557,720.0,2.0,2.0,64.0,1,0,0,0,8888.89,0,0,0,0,0,0,0,0,0,0,0,0,0,0,0,0,0,0,0
559,850.0,2.0,2.0,135.0,0,1,0,0,15882.35,0,0,0,0,0,0,0,0,0,0,0,0,0,0,0,0,0,0,0
560,301.0,1.0,1.0,24.0,0,0,0,1,7973.42,0,0,0,0,0,0,0,0,0,0,0,0,0,0,0,0,0,0,0
561,550.0,1.0,1.0,55.0,0,1,0,0,10000.0,0,0,0,0,0,0,0,0,0,0,0,0,0,0,0,0,0,0,0
562,828.0,2.0,2.0,95.0,0,1,0,0,11473.43,0,0,0,0,0,0,0,0,0,0,0,0,0,0,0,0,0,0,0
564,950.0,2.0,2.0,95.0,1,0,0,0,10000.0,0,0,0,0,0,0,0,0,0,0,0,0,0,0,0,0,0,0,0
565,333.0,1.0,1.0,13.95,0,1,0,0,4189.19,0,0,0,0,0,0,0,0,0,0,0,0,0,0,0,0,0,0,0
568,550.0,1.0,1.0,1.08,0,1,0,0,196.36,0,0,0,0,0,0,0,0,0,0,0,0,0,0,0,0,0,0,0
570,310.0,1.0,1.0,25.0,0,1,0,0,8064.52,0,0,0,0,0,0,0,0,0,0,0,0,0,0,0,0,0,0,0
571,301.0,1.0,1.0,29.0,0,1,0,0,9634.55,0,0,0,0,0,0,0,0,0,0,0,0,0,0,0,0,0,0,0
574,500.0,1.0,1.0,44.1,0,0,0,1,8820.0,0,0,0,0,0,0,0,0,0,0,0,0,0,0,0,0,0,0,0
575,900.0,3.0,2.0,75.0,1,0,0,0,8333.33,0,0,0,0,0,0,0,0,0,0,0,0,0,0,0,0,0,0,0
576,680.0,2.0,2.0,56.0,0,1,0,0,8235.29,0,0,0,0,0,0,0,0,0,0,0,0,0,0,0,0,0,0,0
577,450.0,1.0,1.0,15.0,0,1,0,0,3333.33,0,0,0,0,0,0,0,0,0,0,0,0,0,0,0,0,0,0,0
578,900.0,1.0,1.0,80.0,0,1,0,0,8888.89,0,0,0,0,0,0,0,0,0,0,0,0,0,0,0,0,0,0,0
579,800.0,2.0,2.0,77.0,0,0,0,1,9625.0,0,0,0,0,0,0,0,0,0,0,0,0,0,0,0,0,0,0,0
582,450.0,1.0,1.0,35.0,0,1,0,0,7777.78,0,0,0,0,0,0,0,0,0,0,0,0,0,0,0,0,0,0,0
584,648.0,2.0,2.0,60.0,0,1,0,0,9259.26,0,0,0,0,0,0,0,0,0,0,0,0,0,0,0,0,0,0,0
586,650.0,2.0,2.0,50.0,0,1,0,0,7692.31,0,0,0,0,0,0,0,0,0,0,0,0,0,0,0,0,0,0,0
587,450.0,1.0,1.0,16.5,0,1,0,0,3666.67,0,0,0,0,0,0,0,0,0,0,0,0,0,0,0,0,0,0,0
588,405.0,1.0,1.0,12.0,0,1,0,0,2962.96,0,0,0,0,0,0,0,0,0,0,0,0,0,0,0,0,0,0,0
589,900.0,2.0,2.0,120.0,1,0,0,0,13333.33,0,0,0,0,0,0,0,0,0,0,0,0,0,0,0,0,0,0,0
590,480.0,1.0,1.0,20.0,0,1,0,0,4166.67,0,0,0,0,0,0,0,0,0,0,0,0,0,0,0,0,0,0,0
592,445.0,1.0,1.0,24.0,0,1,0,0,5393.26,0,0,0,0,0,0,0,0,0,0,0,0,0,0,0,0,0,0,0
594,534.0,1.0,1.0,50.0,0,1,0,0,9363.3,0,0,0,0,0,0,0,0,0,0,0,0,0,0,0,0,0,0,0
595,980.0,3.0,2.0,175.0,0,0,0,1,17857.14,0,0,0,0,0,0,0,0,0,0,0,0,0,0,0,0,0,0,0
597,500.0,1.0,1.0,25.0,0,0,1,0,5000.0,0,0,0,0,0,0,0,0,0,0,0,0,0,0,0,0,0,0,0
598,350.0,1.0,1.0,25.0,0,0,0,1,7142.86,0,0,0,0,0,0,0,0,0,0,0,0,0,0,0,0,0,0,0
599,645.0,2.0,2.0,52.0,0,1,0,0,8062.02,0,0,0,0,0,0,0,0,0,0,0,0,0,0,0,0,0,0,0
600,700.0,2.0,2.0,60.0,0,1,0,0,8571.43,0,0,0,0,0,0,0,0,0,0,0,0,0,0,0,0,0,0,0
604,893.0,2.0,2.0,100.0,0,1,0,0,11198.21,0,0,0,0,0,0,0,0,0,0,0,0,0,0,0,0,0,0,0
605,750.0,2.0,1.0,80.0,0,0,0,1,10666.67,0,0,0,0,0,0,0,0,0,0,0,0,0,0,0,0,0,0,0
607,360.0,1.0,1.0,15.5,0,1,0,0,4305.56,0,0,0,0,0,0,0,0,0,0,0,0,0,0,0,0,0,0,0
608,450.0,1.0,1.0,17.25,0,0,0,1,3833.33,0,0,0,0,0,0,0,0,0,0,0,0,0,0,0,0,0,0,0
609,450.0,1.0,1.0,14.0,0,1,0,0,3111.11,0,0,0,0,0,0,0,0,0,0,0,0,0,0,0,0,0,0,0
611,750.0,2.0,2.0,55.0,1,0,0,0,7333.33,0,0,0,0,0,0,0,0,0,0,0,0,0,0,0,0,0,0,0
612,535.0,1.0,1.0,30.0,0,1,0,0,5607.48,0,0,0,0,0,0,0,0,0,0,0,0,0,0,0,0,0,0,0
613,720.0,1.0,1.0,55.0,0,1,0,0,7638.89,0,0,0,0,0,0,0,0,0,0,0,0,0,0,0,0,0,0,0
614,800.0,1.0,1.0,15.0,0,0,0,1,1875.0,0,0,0,0,0,0,0,0,0,0,0,0,0,0,0,0,0,0,0
615,600.0,2.0,2.0,60.0,0,0,1,0,10000.0,0,0,0,0,0,0,0,0,0,0,0,0,0,0,0,0,0,0,0
616,405.0,1.0,1.0,22.5,0,1,0,0,5555.56,0,0,0,0,0,0,0,0,0,0,0,0,0,0,0,0,0,0,0
617,900.0,3.0,2.0,75.0,0,1,0,0,8333.33,0,0,0,0,0,0,0,0,0,0,0,0,0,0,0,0,0,0,0
618,800.0,1.0,1.0,40.0,0,1,0,0,5000.0,0,0,0,0,0,0,0,0,0,0,0,0,0,0,0,0,0,0,0
620,450.0,1.0,1.0,28.0,0,0,0,1,6222.22,0,0,0,0,0,0,0,0,0,0,0,0,0,0,0,0,0,0,0
622,625.0,1.0,2.0,40.0,0,1,0,0,6400.0,0,0,0,0,0,0,0,0,0,0,0,0,0,0,0,0,0,0,0
623,480.0,1.0,1.0,21.0,0,1,0,0,4375.0,0,0,0,0,0,0,0,0,0,0,0,0,0,0,0,0,0,0,0
624,750.0,2.0,2.0,70.0,0,1,0,0,9333.33,0,0,0,0,0,0,0,0,0,0,0,0,0,0,0,0,0,0,0
625,713.0,2.0,2.0,105.0,0,1,0,0,14726.51,0,0,0,0,0,0,0,0,0,0,0,0,0,0,0,0,0,0,0
626,450.0,1.0,1.0,12.5,0,1,0,0,2777.78,0,0,0,0,0,0,0,0,0,0,0,0,0,0,0,0,0,0,0
627,900.0,2.0,2.0,110.0,0,1,0,0,12222.22,0,0,0,0,0,0,0,0,0,0,0,0,0,0,0,0,0,0,0
629,990.0,3.0,2.0,90.0,1,0,0,0,9090.91,0,0,0,0,0,0,0,0,0,0,0,0,0,0,0,0,0,0,0
631,645.0,2.0,2.0,75.0,1,0,0,0,11627.91,0,0,0,0,0,0,0,0,0,0,0,0,0,0,0,0,0,0,0
633,900.0,1.0,1.0,39.5,0,1,0,0,4388.89,0,0,0,0,0,0,0,0,0,0,0,0,0,0,0,0,0,0,0
634,600.0,2.0,2.0,58.0,0,1,0,0,9666.67,0,0,0,0,0,0,0,0,0,0,0,0,0,0,0,0,0,0,0
635,600.0,2.0,2.0,65.0,0,1,0,0,10833.33,0,0,0,0,0,0,0,0,0,0,0,0,0,0,0,0,0,0,0
637,950.0,3.0,2.0,95.0,0,1,0,0,10000.0,0,0,0,0,0,0,0,0,0,0,0,0,0,0,0,0,0,0,0
640,802.0,2.0,2.0,65.0,1,0,0,0,8104.74,0,0,0,0,0,0,0,0,0,0,0,0,0,0,0,0,0,0,0
642,300.0,1.0,2.0,42.0,1,0,0,0,14000.0,0,0,0,0,0,0,0,0,0,0,0,0,0,0,0,0,0,0,0
643,344.0,1.0,1.0,21.0,0,1,0,0,6104.65,0,0,0,0,0,0,0,0,0,0,0,0,0,0,0,0,0,0,0
645,900.0,2.0,2.0,135.0,0,1,0,0,15000.0,0,0,0,0,0,0,0,0,0,0,0,0,0,0,0,0,0,0,0
647,900.0,2.0,2.0,100.0,0,0,0,1,11111.11,0,0,0,0,0,0,0,0,0,0,0,0,0,0,0,0,0,0,0
649,450.0,1.0,1.0,16.75,1,0,0,0,3722.22,0,0,0,0,0,0,0,0,0,0,0,0,0,0,0,0,0,0,0
651,850.0,2.0,2.0,85.0,1,0,0,0,10000.0,0,0,0,0,0,0,0,0,0,0,0,0,0,0,0,0,0,0,0
652,760.0,2.0,2.0,115.0,0,1,0,0,15131.58,0,0,0,0,0,0,0,0,0,0,0,0,0,0,0,0,0,0,0
654,900.0,2.0,2.0,135.0,0,1,0,0,15000.0,0,0,0,0,0,0,0,0,0,0,0,0,0,0,0,0,0,0,0
655,700.0,1.0,1.0,30.0,0,0,0,1,4285.71,0,0,0,0,0,0,0,0,0,0,0,0,0,0,0,0,0,0,0
657,387.0,1.0,1.0,24.0,0,1,0,0,6201.55,0,0,0,0,0,0,0,0,0,0,0,0,0,0,0,0,0,0,0
658,360.0,1.0,1.0,17.0,0,1,0,0,4722.22,0,0,0,0,0,0,0,0,0,0,0,0,0,0,0,0,0,0,0
659,945.0,3.0,2.0,100.0,0,0,0,1,10582.01,0,0,0,0,0,0,0,0,0,0,0,0,0,0,0,0,0,0,0
661,400.0,1.0,1.0,19.5,1,0,0,0,4875.0,0,0,0,0,0,0,0,0,0,0,0,0,0,0,0,0,0,0,0
663,900.0,3.0,1.0,90.0,1,0,0,0,10000.0,0,0,0,0,0,0,0,0,0,0,0,0,0,0,0,0,0,0,0
664,753.0,2.0,2.0,80.0,1,0,0,0,10624.17,0,0,0,0,0,0,0,0,0,0,0,0,0,0,0,0,0,0,0
666,990.0,3.0,2.0,105.0,1,0,0,0,10606.06,0,0,0,0,0,0,0,0,0,0,0,0,0,0,0,0,0,0,0
668,450.0,1.0,1.0,18.0,1,0,0,0,4000.0,0,0,0,0,0,0,0,0,0,0,0,0,0,0,0,0,0,0,0
669,900.0,2.0,2.0,75.0,0,0,0,1,8333.33,0,0,0,0,0,0,0,0,0,0,0,0,0,0,0,0,0,0,0
672,640.0,2.0,1.0,55.0,0,1,0,0,8593.75,0,0,0,0,0,0,0,0,0,0,0,0,0,0,0,0,0,0,0
674,540.0,1.0,1.0,40.0,1,0,0,0,7407.41,0,0,0,0,0,0,0,0,0,0,0,0,0,0,0,0,0,0,0
675,720.0,2.0,2.0,75.0,0,1,0,0,10416.67,0,0,0,0,0,0,0,0,0,0,0,0,0,0,0,0,0,0,0
678,945.0,2.0,2.0,155.0,0,1,0,0,16402.12,0,0,0,0,0,0,0,0,0,0,0,0,0,0,0,0,0,0,0
680,470.0,1.0,1.0,32.0,0,0,0,1,6808.51,0,0,0,0,0,0,0,0,0,0,0,0,0,0,0,0,0,0,0
683,495.0,1.0,1.0,19.5,0,0,0,1,3939.39,0,0,0,0,0,0,0,0,0,0,0,0,0,0,0,0,0,0,0
684,560.0,1.0,2.0,18.0,0,1,0,0,3214.29,0,0,0,0,0,0,0,0,0,0,0,0,0,0,0,0,0,0,0
685,360.0,1.0,2.0,15.0,1,0,0,0,4166.67,0,0,0,0,0,0,0,0,0,0,0,0,0,0,0,0,0,0,0
686,960.0,3.0,3.0,145.0,1,0,0,0,15104.17,0,0,0,0,0,0,0,0,0,0,0,0,0,0,0,0,0,0,0
687,450.0,1.0,1.0,21.0,0,1,0,0,4666.67,0,0,0,0,0,0,0,0,0,0,0,0,0,0,0,0,0,0,0
688,760.0,2.0,2.0,200.0,1,0,0,0,26315.79,0,0,0,0,0,0,0,0,0,0,0,0,0,0,0,0,0,0,0
689,405.0,1.0,1.0,20.5,0,1,0,0,5061.73,0,0,0,0,0,0,0,0,0,0,0,0,0,0,0,0,0,0,0
692,405.0,1.0,1.0,21.0,0,1,0,0,5185.19,0,0,0,0,0,0,0,0,0,0,0,0,0,0,0,0,0,0,0
693,602.0,1.0,1.0,66.0,0,1,0,0,10963.46,0,0,0,0,0,0,0,0,0,0,0,0,0,0,0,0,0,0,0
694,900.0,2.0,2.0,70.0,0,1,0,0,7777.78,0,0,0,0,0,0,0,0,0,0,0,0,0,0,0,0,0,0,0
698,800.0,1.0,2.0,110.0,0,1,0,0,13750.0,0,0,0,0,0,0,0,0,0,0,0,0,0,0,0,0,0,0,0
700,500.0,1.0,1.0,30.0,1,0,0,0,6000.0,0,0,0,0,0,0,0,0,0,0,0,0,0,0,0,0,0,0,0
701,890.0,2.0,2.0,110.0,1,0,0,0,12359.55,0,0,0,0,0,0,0,0,0,0,0,0,0,0,0,0,0,0,0
703,400.0,1.0,1.0,22.0,0,1,0,0,5500.0,0,0,0,0,0,0,0,0,0,0,0,0,0,0,0,0,0,0,0
705,900.0,2.0,2.0,84.5,0,0,0,1,9388.89,0,0,0,0,0,0,0,0,0,0,0,0,0,0,0,0,0,0,0
706,980.0,3.0,2.0,110.0,0,1,0,0,11224.49,0,0,0,0,0,0,0,0,0,0,0,0,0,0,0,0,0,0,0
708,900.0,3.0,3.0,130.0,0,1,0,0,14444.44,0,0,0,0,0,0,0,0,0,0,0,0,0,0,0,0,0,0,0
709,675.0,2.0,2.0,55.0,0,1,0,0,8148.15,0,0,0,0,0,0,0,0,0,0,0,0,0,0,0,0,0,0,0
712,900.0,2.0,2.0,90.0,0,0,0,1,10000.0,0,0,0,0,0,0,0,0,0,0,0,0,0,0,0,0,0,0,0
714,900.0,2.0,2.0,99.8,0,1,0,0,11088.89,0,0,0,0,0,0,0,0,0,0,0,0,0,0,0,0,0,0,0
715,810.0,2.0,2.0,95.0,0,0,0,1,11728.4,0,0,0,0,0,0,0,0,0,0,0,0,0,0,0,0,0,0,0
716,750.0,2.0,2.0,85.0,1,0,0,0,11333.33,0,0,0,0,0,0,0,0,0,0,0,0,0,0,0,0,0,0,0
717,900.0,2.0,2.0,125.0,1,0,0,0,13888.89,0,0,0,0,0,0,0,0,0,0,0,0,0,0,0,0,0,0,0
718,753.0,2.0,1.0,120.0,0,1,0,0,15936.25,0,0,0,0,0,0,0,0,0,0,0,0,0,0,0,0,0,0,0
719,500.0,1.0,2.0,45.0,0,0,1,0,9000.0,0,0,0,0,0,0,0,0,0,0,0,0,0,0,0,0,0,0,0
720,675.0,2.0,1.0,55.0,0,1,0,0,8148.15,0,0,0,0,0,0,0,0,0,0,0,0,0,0,0,0,0,0,0
721,900.0,3.0,3.0,75.0,0,0,1,0,8333.33,0,0,0,0,0,0,0,0,0,0,0,0,0,0,0,0,0,0,0
722,900.0,2.0,2.0,120.0,0,1,0,0,13333.33,0,0,0,0,0,0,0,0,0,0,0,0,0,0,0,0,0,0,0
728,900.0,2.0,2.0,95.0,1,0,0,0,10555.56,0,0,0,0,0,0,0,0,0,0,0,0,0,0,0,0,0,0,0
731,945.0,2.0,2.0,90.0,0,1,0,0,9523.81,0,0,0,0,0,0,0,0,0,0,0,0,0,0,0,0,0,0,0
732,334.0,1.0,1.0,18.0,0,0,0,1,5389.22,0,0,0,0,0,0,0,0,0,0,0,0,0,0,0,0,0,0,0
733,750.0,2.0,2.0,58.5,1,0,0,0,7800.0,0,0,0,0,0,0,0,0,0,0,0,0,0,0,0,0,0,0,0
734,600.0,1.0,1.0,15.0,0,0,0,1,2500.0,0,0,0,0,0,0,0,0,0,0,0,0,0,0,0,0,0,0,0
735,450.0,1.0,1.0,30.0,1,0,0,0,6666.67,0,0,0,0,0,0,0,0,0,0,0,0,0,0,0,0,0,0,0
737,460.0,1.0,1.0,11.0,0,1,0,0,2391.3,0,0,0,0,0,0,0,0,0,0,0,0,0,0,0,0,0,0,0
738,675.0,2.0,2.0,80.0,0,1,0,0,11851.85,0,0,0,0,0,0,0,0,0,0,0,0,0,0,0,0,0,0,0
739,340.0,1.0,1.0,12.3,0,1,0,0,3617.65,0,0,0,0,0,0,0,0,0,0,0,0,0,0,0,0,0,0,0
740,800.0,2.0,2.0,60.0,1,0,0,0,7500.0,0,0,0,0,0,0,0,0,0,0,0,0,0,0,0,0,0,0,0
742,500.0,1.0,1.0,28.0,0,1,0,0,5600.0,0,0,0,0,0,0,0,0,0,0,0,0,0,0,0,0,0,0,0
744,753.0,2.0,2.0,82.0,0,1,0,0,10889.77,0,0,0,0,0,0,0,0,0,0,0,0,0,0,0,0,0,0,0
745,480.0,1.0,1.0,46.0,0,1,0,0,9583.33,0,0,0,0,0,0,0,0,0,0,0,0,0,0,0,0,0,0,0
746,500.0,1.0,1.0,50.0,0,0,0,1,10000.0,0,0,0,0,0,0,0,0,0,0,0,0,0,0,0,0,0,0,0
